{
    "id": "f2b9174e-d7f7-11ea-9c57-b9ebf624cf81",
    "name": "TMF687-Stock-v4",
    "values": [
        {
            "key": "scheme",
            "value": "http",
            "enabled": true
        },
        {
            "key": "host",
            "value": "tmf687-stock-v4.mybluemix.net",
            "enabled": true
        },
        {
            "key": "port",
            "value": "80",
            "enabled": true
        }
    ],
    "_postman_variable_scope": "environment",
    "_postman_exported_at": "2020-08-06T14:37:12.783Z",
    "_postman_exported_using": "Postman/7.29.1"
}