{
  "info": {
    "_postman_id": "eec45553-2f01-45f1-8cc2-1b6a9f31671d",
    "name": "TMF687-Stock-v4.1.0",
    "description": "**TMF API Reference : TMF 687 - Stock Management**\n\nRelease : 20.0 - January 2020\n\nThe Stock Management API provides standardized mechanism for product stock management such as creation, update and retrieval of the representation of a product stock, reserve product stock, check or query product stock or Adjust product Stock. It also allows the notification of events related to them\n\nCopyright © TM Forum 2019. All Rights Reserved\n\n\n",
    "schema": "https://schema.getpostman.com/json/collection/v2.1.0/collection.json"
  },
  "item": [
    {
      "name": "productStock",
      "item": [
        {
          "name": "List or find ProductStock objects",
          "_postman_id": "b79451d8-5a88-4bbc-89df-d1deb89831df",
          "request": {
            "method": "GET",
            "header": [
              {
                "key": "Accept",
                "value": "application/json;charset=utf-8"
              },
              {
                "key": "Content-Type",
                "value": "application/json;charset=utf-8"
              }
            ],
            "body": {
              "mode": "formdata",
              "formdata": []
            },
            "url": {
              "raw": "{{scheme}}://{{host}}:{{port}}/tmf-api/stock/v4/productStock?fields={{fields}}&offset={{offset}}&limit={{limit}}",
              "protocol": "{{scheme}}",
              "host": [
                "{{host}}"
              ],
              "port": "{{port}}",
              "path": [
                "tmf-api",
                "stock",
                "v4",
                "productStock"
              ],
              "query": [
                {
                  "key": "fields",
                  "value": "{{fields}}"
                },
                {
                  "key": "offset",
                  "value": "{{offset}}"
                },
                {
                  "key": "limit",
                  "value": "{{limit}}"
                }
              ]
            },
            "description": "This operation list or find ProductStock entities"
          },
          "response": []
        },
        {
          "name": "Creates a ProductStock",
          "_postman_id": "7fefae6f-1d29-40a0-8b3f-7ffe52c37e4b",
          "request": {
            "method": "POST",
            "header": [
              {
                "key": "Accept",
                "value": "application/json;charset=utf-8"
              },
              {
                "key": "Content-Type",
                "value": "application/json;charset=utf-8"
              }
            ],
            "body": {
              "mode": "raw",
              "raw": "{\n  \"description\": \"Product Stock for shop\",\n  \"name\": \"phone stock 42\",\n  \"replenishmentDate\": \"2020-09-28T08:31:48.243Z\",\n  \"stockLevelCategory\": \"retail - stock for the Lyon shop\",\n  \"channel\": [\n    {\n      \"id\": \"11\",\n      \"name\": \"retail\"\n    }\n  ],\n  \"maxStockLevel\": {\n    \"amount\": 40,\n    \"units\": \"box\"\n  },\n  \"minStockLevel\": {\n    \"amount\": 5,\n    \"units\": \"box\"\n  },\n  \"place\": {\n    \"id\": \"89\",\n    \"role\": \"Lyon Shop\",\n    \"@type\": \"PlaceRef\",\n    \"@referredType\": \"GeographicSite\"\n  },\n  \"productStockLevel\": {\n    \"amount\": 24,\n    \"units\": \"box\"\n  },\n  \"productStockStatusType\": \"available\",\n  \"productStockUsageType\": \"inShop\",\n  \"relatedParty\": [\n    {\n      \"id\": \"111\",\n      \"role\": \"stock owner\",\n      \"@type\": \"OrganizationRef\",\n      \"@referredType\": \"Organization\"\n    }\n  ],\n  \"reorderQuantity\": {\n    \"amount\": 10,\n    \"units\": \"box\"\n  },\n  \"stockLevelAlert\": {\n    \"amount\": 10,\n    \"units\": \"box\"\n  },\n  \"stockedProduct\": {\n    \"productCharacteristic\": [\n      {\n        \"id\": \"1\",\n        \"valueType\": \"string\",\n        \"name\": \"Color\",\n        \"value\": \"Orange\"\n      },\n      {\n        \"id\": \"2\",\n        \"valueType\": \"string\",\n        \"name\": \"Memory Size\",\n        \"value\": \"256 GB\"\n      }\n    ],\n    \"productSpecification\": {\n      \"id\": \"23\",\n      \"name\": \"TMFPhone\",\n      \"version\": \"x-9\",\n      \"@type\": \"ProductSpecification\"\n    },\n    \"@type\": \"Product\"\n  },\n  \"@type\": \"ProductStock\"\n}"
            },
            "url": {
              "raw": "{{scheme}}://{{host}}:{{port}}/tmf-api/stock/v4/productStock",
              "protocol": "{{scheme}}",
              "host": [
                "{{host}}"
              ],
              "port": "{{port}}",
              "path": [
                "tmf-api",
                "stock",
                "v4",
                "productStock"
              ]
            },
            "description": "This operation creates a ProductStock entity."
          },
          "response": []
        },
        {
          "name": "Retrieves a ProductStock by ID",
          "_postman_id": "bfb9052b-ddc0-453b-b7ce-5b3ab570bb95",
          "request": {
            "method": "GET",
            "header": [
              {
                "key": "Accept",
                "value": "application/json;charset=utf-8"
              },
              {
                "key": "Content-Type",
                "value": "application/json;charset=utf-8"
              }
            ],
            "body": {
              "mode": "formdata",
              "formdata": []
            },
            "url": {
              "raw": "{{scheme}}://{{host}}:{{port}}/tmf-api/stock/v4/productStock/:id?fields={{fields}}",
              "protocol": "{{scheme}}",
              "host": [
                "{{host}}"
              ],
              "port": "{{port}}",
              "path": [
                "tmf-api",
                "stock",
                "v4",
                "productStock",
                ":id"
              ],
              "query": [
                {
                  "key": "fields",
                  "value": "{{fields}}"
                }
              ],
              "variable": [
                {
                  "value": "{{id}}",
                  "id": "id"
                }
              ]
            },
            "description": "This operation retrieves a ProductStock entity. Attribute selection is enabled for all first level attributes."
          },
          "response": []
        },
        {
          "name": "Updates partially a ProductStock",
          "_postman_id": "3785ee59-50bc-4852-9646-042709e8a180",
          "request": {
            "method": "PATCH",
            "header": [
              {
                "key": "Accept",
                "value": "application/json;charset=utf-8"
              },
              {
                "key": "Content-Type",
                "value": "application/json;charset=utf-8"
              }
            ],
            "body": {
              "mode": "raw",
              "raw": "{\n  \"id\": \"42\",\n  \"replenishmentDate\": \"2020-10-05T08:31:48.243Z\",\n  \"minStockLevel\": {\n    \"amount\": 2,\n    \"units\": \"box\"\n  },\n  \"reorderQuantity\": {\n    \"amount\": 5,\n    \"units\": \"box\"\n  },\n  \"@type\": \"ProductStock\"\n}"
            },
            "url": {
              "raw": "{{scheme}}://{{host}}:{{port}}/tmf-api/stock/v4/productStock/:id",
              "protocol": "{{scheme}}",
              "host": [
                "{{host}}"
              ],
              "port": "{{port}}",
              "path": [
                "tmf-api",
                "stock",
                "v4",
                "productStock",
                ":id"
              ],
              "variable": [
                {
                  "value": "{{id}}",
                  "id": "id"
                }
              ]
            },
            "description": "This operation updates partially a ProductStock entity."
          },
          "response": []
        },
        {
          "name": "Deletes a ProductStock",
          "_postman_id": "5b8c0ce7-e2a5-49cc-bf5e-c3865c58f175",
          "request": {
            "method": "DELETE",
            "header": [
              {
                "key": "Accept",
                "value": "application/json;charset=utf-8"
              },
              {
                "key": "Content-Type",
                "value": "application/json;charset=utf-8"
              }
            ],
            "body": {
              "mode": "formdata",
              "formdata": []
            },
            "url": {
              "raw": "{{scheme}}://{{host}}:{{port}}/tmf-api/stock/v4/productStock/:id",
              "protocol": "{{scheme}}",
              "host": [
                "{{host}}"
              ],
              "port": "{{port}}",
              "path": [
                "tmf-api",
                "stock",
                "v4",
                "productStock",
                ":id"
              ],
              "variable": [
                {
                  "value": "{{id}}",
                  "id": "id"
                }
              ]
            },
            "description": "This operation deletes a ProductStock entity."
          },
          "response": []
        }
      ],
      "_postman_id": "8ac408f6-d77e-4cc8-bdde-90e1a890161c",
      "description": "Folder for productStock"
    },
    {
      "name": "adjustProductStock",
      "item": [
        {
          "name": "List or find AdjustProductStock objects",
          "_postman_id": "5b4bdfc8-d68e-4cc9-9d24-f037cdfa13cb",
          "request": {
            "method": "GET",
            "header": [
              {
                "key": "Accept",
                "value": "application/json;charset=utf-8"
              },
              {
                "key": "Content-Type",
                "value": "application/json;charset=utf-8"
              }
            ],
            "body": {
              "mode": "formdata",
              "formdata": []
            },
            "url": {
              "raw": "{{scheme}}://{{host}}:{{port}}/tmf-api/stock/v4/adjustProductStock?fields={{fields}}&offset={{offset}}&limit={{limit}}",
              "protocol": "{{scheme}}",
              "host": [
                "{{host}}"
              ],
              "port": "{{port}}",
              "path": [
                "tmf-api",
                "stock",
                "v4",
                "adjustProductStock"
              ],
              "query": [
                {
                  "key": "fields",
                  "value": "{{fields}}"
                },
                {
                  "key": "offset",
                  "value": "{{offset}}"
                },
                {
                  "key": "limit",
                  "value": "{{limit}}"
                }
              ]
            },
            "description": "This operation list or find AdjustProductStock entities"
          },
          "response": []
        },
        {
          "name": "Creates a AdjustProductStock",
          "_postman_id": "04a7426e-3f55-4755-87cf-4831e223aef2",
          "request": {
            "method": "POST",
            "header": [
              {
                "key": "Accept",
                "value": "application/json;charset=utf-8"
              },
              {
                "key": "Content-Type",
                "value": "application/json;charset=utf-8"
              }
            ],
            "body": {
              "mode": "raw",
              "raw": "{\n  \"adjustReason\": \"Inventory check\",\n  \"description\": \"inventory check update\",\n  \"instantSyncAdjust\": true,\n  \"requestedAdjustProductStockDate\": \"2020-09-24T08:53:33.954Z\",\n  \"adjustProductStockItem\": [\n    {\n      \"id\": \"1\",\n      \"adjustProductStockQuantity\": {\n        \"amount\": 26,\n        \"units\": \"box\"\n      },\n      \"productStockTarget\": {\n        \"id\": \"42\",\n        \"@type\": \"ProductStock\"\n      },\n      \"@type\": \"AdjustProductStockItem\"\n    }\n  ],\n  \"@type\": \"AdjustProductStock\"\n}"
            },
            "url": {
              "raw": "{{scheme}}://{{host}}:{{port}}/tmf-api/stock/v4/adjustProductStock",
              "protocol": "{{scheme}}",
              "host": [
                "{{host}}"
              ],
              "port": "{{port}}",
              "path": [
                "tmf-api",
                "stock",
                "v4",
                "adjustProductStock"
              ]
            },
            "description": "This operation creates a AdjustProductStock entity."
          },
          "response": []
        },
        {
          "name": "Retrieves a AdjustProductStock by ID",
          "_postman_id": "d9191c8d-c891-4e60-b8e2-95e7c76a0820",
          "request": {
            "method": "GET",
            "header": [
              {
                "key": "Accept",
                "value": "application/json;charset=utf-8"
              },
              {
                "key": "Content-Type",
                "value": "application/json;charset=utf-8"
              }
            ],
            "body": {
              "mode": "formdata",
              "formdata": []
            },
            "url": {
              "raw": "{{scheme}}://{{host}}:{{port}}/tmf-api/stock/v4/adjustProductStock/:id?fields={{fields}}",
              "protocol": "{{scheme}}",
              "host": [
                "{{host}}"
              ],
              "port": "{{port}}",
              "path": [
                "tmf-api",
                "stock",
                "v4",
                "adjustProductStock",
                ":id"
              ],
              "query": [
                {
                  "key": "fields",
                  "value": "{{fields}}"
                }
              ],
              "variable": [
                {
                  "value": "{{id}}",
                  "id": "id"
                }
              ]
            },
            "description": "This operation retrieves a AdjustProductStock entity. Attribute selection is enabled for all first level attributes."
          },
          "response": []
        }
      ],
      "_postman_id": "78fa693b-8a11-4e39-9038-eb53c222fb50",
      "description": "Folder for adjustProductStock"
    },
    {
      "name": "checkProductStock",
      "item": [
        {
          "name": "List or find CheckProductStock objects",
          "_postman_id": "0eeee24e-56a8-437e-995a-b32beb96c110",
          "request": {
            "method": "GET",
            "header": [
              {
                "key": "Accept",
                "value": "application/json;charset=utf-8"
              },
              {
                "key": "Content-Type",
                "value": "application/json;charset=utf-8"
              }
            ],
            "body": {
              "mode": "formdata",
              "formdata": []
            },
            "url": {
              "raw": "{{scheme}}://{{host}}:{{port}}/tmf-api/stock/v4/checkProductStock?fields={{fields}}&offset={{offset}}&limit={{limit}}",
              "protocol": "{{scheme}}",
              "host": [
                "{{host}}"
              ],
              "port": "{{port}}",
              "path": [
                "tmf-api",
                "stock",
                "v4",
                "checkProductStock"
              ],
              "query": [
                {
                  "key": "fields",
                  "value": "{{fields}}"
                },
                {
                  "key": "offset",
                  "value": "{{offset}}"
                },
                {
                  "key": "limit",
                  "value": "{{limit}}"
                }
              ]
            },
            "description": "This operation list or find CheckProductStock entities"
          },
          "response": []
        },
        {
          "name": "Creates a CheckProductStock",
          "_postman_id": "1ea8682e-aebb-403b-89b1-14c03fa4a5f0",
          "request": {
            "method": "POST",
            "header": [
              {
                "key": "Accept",
                "value": "application/json;charset=utf-8"
              },
              {
                "key": "Content-Type",
                "value": "application/json;charset=utf-8"
              }
            ],
            "body": {
              "mode": "raw",
              "raw": "{\n  \"instantSyncCheck\": true,\n  \"provideAlternative\": true,\n  \"requestedAvailabilityDate\": \"2020-09-24T09:54:41.127Z\",\n  \"checkProductStockItem\": [\n    {\n      \"id\": \"1\",\n      \"provideAlternative\": true,\n      \"checkedProductStock\": {\n        \"stockedProduct\": {\n          \"productCharacteristic\": [\n            {\n              \"id\": \"1\",\n              \"valueType\": \"string\",\n              \"name\": \"Color\",\n              \"value\": \"Orange\"\n            },\n            {\n              \"id\": \"2\",\n              \"valueType\": \"string\",\n              \"name\": \"Memory Size\",\n              \"value\": \"128 GB\"\n            }\n          ],\n          \"productSpecification\": {\n            \"id\": \"23\",\n            \"name\": \"TMFPhone\",\n            \"version\": \"x-9\",\n            \"@type\": \"ProductSpecification\"\n          },\n          \"@type\": \"Product\"\n        },\n        \"@type\": \"CheckedProductStock\"\n      },\n      \"requestedQuantity\": {\n        \"amount\": 1,\n        \"units\": \"box\"\n      },\n      \"@type\": \"CheckProductStockItem\"\n    }\n  ],\n  \"place\": {\n    \"id\": \"89\",\n    \"role\": \"Lyon Shop\",\n    \"@type\": \"PlaceRef\",\n    \"@referredType\": \"GeographicSite\"\n  },\n  \"relatedParty\": [\n    {\n      \"id\": \"45\",\n      \"role\": \"requester\",\n      \"@type\": \"PartyRef\",\n      \"@referredType\": \"Individual\"\n    }\n  ],\n  \"@type\": \"CheckProductStock\"\n}"
            },
            "url": {
              "raw": "{{scheme}}://{{host}}:{{port}}/tmf-api/stock/v4/checkProductStock",
              "protocol": "{{scheme}}",
              "host": [
                "{{host}}"
              ],
              "port": "{{port}}",
              "path": [
                "tmf-api",
                "stock",
                "v4",
                "checkProductStock"
              ]
            },
            "description": "This operation creates a CheckProductStock entity."
          },
          "response": []
        },
        {
          "name": "Retrieves a CheckProductStock by ID",
          "_postman_id": "7b13bd42-96f7-4792-a3e1-030c78547224",
          "request": {
            "method": "GET",
            "header": [
              {
                "key": "Accept",
                "value": "application/json;charset=utf-8"
              },
              {
                "key": "Content-Type",
                "value": "application/json;charset=utf-8"
              }
            ],
            "body": {
              "mode": "formdata",
              "formdata": []
            },
            "url": {
              "raw": "{{scheme}}://{{host}}:{{port}}/tmf-api/stock/v4/checkProductStock/:id?fields={{fields}}",
              "protocol": "{{scheme}}",
              "host": [
                "{{host}}"
              ],
              "port": "{{port}}",
              "path": [
                "tmf-api",
                "stock",
                "v4",
                "checkProductStock",
                ":id"
              ],
              "query": [
                {
                  "key": "fields",
                  "value": "{{fields}}"
                }
              ],
              "variable": [
                {
                  "value": "{{id}}",
                  "id": "id"
                }
              ]
            },
            "description": "This operation retrieves a CheckProductStock entity. Attribute selection is enabled for all first level attributes."
          },
          "response": []
        }
      ],
      "_postman_id": "c5ec56d6-d424-4e65-a00d-af7f4a35d3aa",
      "description": "Folder for checkProductStock"
    },
    {
      "name": "reserveProductStock",
      "item": [
        {
          "name": "List or find ReserveProductStock objects",
          "_postman_id": "b94c00b7-6ecc-40b2-9f0b-fb3898687d86",
          "request": {
            "method": "GET",
            "header": [
              {
                "key": "Accept",
                "value": "application/json;charset=utf-8"
              },
              {
                "key": "Content-Type",
                "value": "application/json;charset=utf-8"
              }
            ],
            "body": {
              "mode": "formdata",
              "formdata": []
            },
            "url": {
              "raw": "{{scheme}}://{{host}}:{{port}}/tmf-api/stock/v4/reserveProductStock?fields={{fields}}&offset={{offset}}&limit={{limit}}",
              "protocol": "{{scheme}}",
              "host": [
                "{{host}}"
              ],
              "port": "{{port}}",
              "path": [
                "tmf-api",
                "stock",
                "v4",
                "reserveProductStock"
              ],
              "query": [
                {
                  "key": "fields",
                  "value": "{{fields}}"
                },
                {
                  "key": "offset",
                  "value": "{{offset}}"
                },
                {
                  "key": "limit",
                  "value": "{{limit}}"
                }
              ]
            },
            "description": "This operation list or find ReserveProductStock entities"
          },
          "response": []
        },
        {
          "name": "Creates a ReserveProductStock",
          "_postman_id": "d1f65d0d-73a9-45f2-9073-c528873753d7",
          "request": {
            "method": "POST",
            "header": [
              {
                "key": "Accept",
                "value": "application/json;charset=utf-8"
              },
              {
                "key": "Content-Type",
                "value": "application/json;charset=utf-8"
              }
            ],
            "body": {
              "mode": "raw",
              "raw": "{\n  \"requiredAvailabilityDate\": \"2020-09-25T10:12:23.664Z\",\n  \"channel\": [\n    {\n      \"id\": \"11\",\n      \"name\": \"retail\"\n    }\n  ],\n  \"place\": {\n    \"id\": \"89\",\n    \"role\": \"Lyon Shop\",\n    \"@type\": \"PlaceRef\",\n    \"@referredType\": \"GeographicSite\"\n  },\n  \"relatedEntity\": [\n    {\n      \"id\": \"56\",\n      \"role\": \"order triggering the reservation\",\n      \"@type\": \"EntityRef\",\n      \"@referredType\": \"ProductOrder\"\n    }\n  ],\n  \"relatedParty\": [\n    {\n      \"id\": \"45\",\n      \"role\": \"requester\",\n      \"@type\": \"PartyRef\",\n      \"@referredType\": \"Individual\"\n    }\n  ],\n  \"reserveProductStockItem\": [\n    {\n      \"id\": \"1\",\n      \"quantityRequested\": {\n        \"amount\": 1,\n        \"units\": \"box\"\n      },\n      \"requestedProduct\": {\n        \"productCharacteristic\": [\n          {\n            \"id\": \"1\",\n            \"valueType\": \"string\",\n            \"name\": \"Color\",\n            \"value\": \"Orange\"\n          },\n          {\n            \"id\": \"2\",\n            \"valueType\": \"string\",\n            \"name\": \"Memory Size\",\n            \"value\": \"256 GB\"\n          }\n        ],\n        \"productSpecification\": {\n          \"id\": \"23\",\n          \"name\": \"TMFPhone\",\n          \"version\": \"x-9\",\n          \"@type\": \"ProductSpecification\"\n        },\n        \"@type\": \"Product\"\n      },\n      \"@type\": \"ReserveProductStockItem\"\n    }\n  ],\n  \"@type\": \"ReserveProductStock\"\n}"
            },
            "url": {
              "raw": "{{scheme}}://{{host}}:{{port}}/tmf-api/stock/v4/reserveProductStock",
              "protocol": "{{scheme}}",
              "host": [
                "{{host}}"
              ],
              "port": "{{port}}",
              "path": [
                "tmf-api",
                "stock",
                "v4",
                "reserveProductStock"
              ]
            },
            "description": "This operation creates a ReserveProductStock entity."
          },
          "response": []
        },
        {
          "name": "Retrieves a ReserveProductStock by ID",
          "_postman_id": "a6cd6e95-40b4-4509-9e37-01b91948a261",
          "request": {
            "method": "GET",
            "header": [
              {
                "key": "Accept",
                "value": "application/json;charset=utf-8"
              },
              {
                "key": "Content-Type",
                "value": "application/json;charset=utf-8"
              }
            ],
            "body": {
              "mode": "formdata",
              "formdata": []
            },
            "url": {
              "raw": "{{scheme}}://{{host}}:{{port}}/tmf-api/stock/v4/reserveProductStock/:id?fields={{fields}}",
              "protocol": "{{scheme}}",
              "host": [
                "{{host}}"
              ],
              "port": "{{port}}",
              "path": [
                "tmf-api",
                "stock",
                "v4",
                "reserveProductStock",
                ":id"
              ],
              "query": [
                {
                  "key": "fields",
                  "value": "{{fields}}"
                }
              ],
              "variable": [
                {
                  "value": "{{id}}",
                  "id": "id"
                }
              ]
            },
            "description": "This operation retrieves a ReserveProductStock entity. Attribute selection is enabled for all first level attributes."
          },
          "response": []
        }
      ],
      "_postman_id": "42529370-a627-4cb0-a448-05969b6fa565",
      "description": "Folder for reserveProductStock"
    },
    {
      "name": "queryProductStock",
      "item": [
        {
          "name": "List or find QueryProductStock objects",
          "_postman_id": "be26ddc5-5ce2-4b2d-8274-1db12e5a1e10",
          "request": {
            "method": "GET",
            "header": [
              {
                "key": "Accept",
                "value": "application/json;charset=utf-8"
              },
              {
                "key": "Content-Type",
                "value": "application/json;charset=utf-8"
              }
            ],
            "body": {
              "mode": "formdata",
              "formdata": []
            },
            "url": {
              "raw": "{{scheme}}://{{host}}:{{port}}/tmf-api/stock/v4/queryProductStock?fields={{fields}}&offset={{offset}}&limit={{limit}}",
              "protocol": "{{scheme}}",
              "host": [
                "{{host}}"
              ],
              "port": "{{port}}",
              "path": [
                "tmf-api",
                "stock",
                "v4",
                "queryProductStock"
              ],
              "query": [
                {
                  "key": "fields",
                  "value": "{{fields}}"
                },
                {
                  "key": "offset",
                  "value": "{{offset}}"
                },
                {
                  "key": "limit",
                  "value": "{{limit}}"
                }
              ]
            },
            "description": "This operation list or find QueryProductStock entities"
          },
          "response": []
        },
        {
          "name": "Creates a QueryProductStock",
          "_postman_id": "ba9650d9-c65a-4862-a949-3f614c829b4c",
          "request": {
            "method": "POST",
            "header": [
              {
                "key": "Accept",
                "value": "application/json;charset=utf-8"
              },
              {
                "key": "Content-Type",
                "value": "application/json;charset=utf-8"
              }
            ],
            "body": {
              "mode": "raw",
              "raw": "{\n  \"creationDate\": \"2020-09-24T10:24:04.602Z\",\n  \"instantSyncCheck\": true,\n  \"requestedAvailabilityDate\": \"2020-09-24T10:24:04.602Z\",\n  \"searchCriteria\": {\n    \"place\": {\n      \"id\": \"98\",\n      \"role\": \"Search zone\",\n      \"@type\": \"PlaceRef\",\n      \"@referredType\": \"GeographicLocation\"\n    },\n    \"productStockLevel\": {\n      \"amount\": 5,\n      \"units\": \"string\"\n    },\n    \"productStockStatusType\": \"available\",\n    \"stockedProduct\": {\n      \"productCharacteristic\": [\n        {\n          \"id\": \"1\",\n          \"valueType\": \"string\",\n          \"name\": \"Color\",\n          \"value\": \"Orange\"\n        },\n        {\n          \"id\": \"2\",\n          \"valueType\": \"string\",\n          \"name\": \"Memory Size\",\n          \"value\": \"256 GB\"\n        }\n      ],\n      \"productSpecification\": {\n        \"id\": \"23\",\n        \"name\": \"TMFPhone\",\n        \"version\": \"x-9\",\n        \"@type\": \"ProductSpecification\"\n      },\n      \"@type\": \"Product\"\n    },\n    \"@type\": \"ProductStock\"\n  },\n  \"@type\": \"QueryProductStock\"\n}"
            },
            "url": {
              "raw": "{{scheme}}://{{host}}:{{port}}/tmf-api/stock/v4/queryProductStock",
              "protocol": "{{scheme}}",
              "host": [
                "{{host}}"
              ],
              "port": "{{port}}",
              "path": [
                "tmf-api",
                "stock",
                "v4",
                "queryProductStock"
              ]
            },
            "description": "This operation creates a QueryProductStock entity."
          },
          "response": []
        },
        {
          "name": "Retrieves a QueryProductStock by ID",
          "_postman_id": "ace21960-bac2-4337-a4e7-b7518c9f4d48",
          "request": {
            "method": "GET",
            "header": [
              {
                "key": "Accept",
                "value": "application/json;charset=utf-8"
              },
              {
                "key": "Content-Type",
                "value": "application/json;charset=utf-8"
              }
            ],
            "body": {
              "mode": "formdata",
              "formdata": []
            },
            "url": {
              "raw": "{{scheme}}://{{host}}:{{port}}/tmf-api/stock/v4/queryProductStock/:id?fields={{fields}}",
              "protocol": "{{scheme}}",
              "host": [
                "{{host}}"
              ],
              "port": "{{port}}",
              "path": [
                "tmf-api",
                "stock",
                "v4",
                "queryProductStock",
                ":id"
              ],
              "query": [
                {
                  "key": "fields",
                  "value": "{{fields}}"
                }
              ],
              "variable": [
                {
                  "value": "{{id}}",
                  "id": "id"
                }
              ]
            },
            "description": "This operation retrieves a QueryProductStock entity. Attribute selection is enabled for all first level attributes."
          },
          "response": []
        }
      ],
      "_postman_id": "791ff60d-546b-45c0-8ad1-7476dedbbca6",
      "description": "Folder for queryProductStock"
    },
    {
      "name": "hub",
      "item": [
        {
          "name": "Register a listener",
          "_postman_id": "98195b9c-ecfc-41a1-a68f-bf77203e716d",
          "request": {
            "method": "POST",
            "header": [
              {
                "key": "Accept",
                "value": "application/json;charset=utf-8"
              },
              {
                "key": "Content-Type",
                "value": "application/json;charset=utf-8"
              }
            ],
            "body": {
              "mode": "raw",
              "raw": "{\n    \"callback\": \"callback\",\n    \"query\": \"query\"\n}"
            },
            "url": {
              "raw": "{{scheme}}://{{host}}:{{port}}/tmf-api/stock/v4/hub",
              "protocol": "{{scheme}}",
              "host": [
                "{{host}}"
              ],
              "port": "{{port}}",
              "path": [
                "tmf-api",
                "stock",
                "v4",
                "hub"
              ]
            },
            "description": "Sets the communication endpoint address the service instance must use to deliver information about its health state, execution state, failures and metrics."
          },
          "response": []
        },
        {
          "name": "Unregister a listener",
          "_postman_id": "077e0170-4f9d-47f9-be5f-ea58a4e7cbee",
          "request": {
            "method": "DELETE",
            "header": [
              {
                "key": "Accept",
                "value": "application/json;charset=utf-8"
              },
              {
                "key": "Content-Type",
                "value": "application/json;charset=utf-8"
              }
            ],
            "body": {
              "mode": "formdata",
              "formdata": []
            },
            "url": {
              "raw": "{{scheme}}://{{host}}:{{port}}/tmf-api/stock/v4/hub/:id",
              "protocol": "{{scheme}}",
              "host": [
                "{{host}}"
              ],
              "port": "{{port}}",
              "path": [
                "tmf-api",
                "stock",
                "v4",
                "hub",
                ":id"
              ],
              "variable": [
                {
                  "value": "{{id}}",
                  "id": "id"
                }
              ]
            },
            "description": "Resets the communication endpoint address the service instance must use to deliver information about its health state, execution state, failures and metrics."
          },
          "response": []
        }
      ],
      "_postman_id": "8a657b1a-f50e-44c5-97c1-a6171286a56f",
      "description": "Folder for hub"
    },
    {
      "name": "listener",
      "item": [
        {
          "name": "Client listener for entity ProductStockCreateEvent",
          "_postman_id": "6085cae1-4925-42a5-a2e7-70dbf63b1b72",
          "request": {
            "method": "POST",
            "header": [
              {
                "key": "Accept",
                "value": "application/json;charset=utf-8"
              },
              {
                "key": "Content-Type",
                "value": "application/json;charset=utf-8"
              }
            ],
            "body": {
              "mode": "raw",
              "raw": "The event data"
            },
            "url": {
              "raw": "{{scheme}}://{{host}}:{{port}}/tmf-api/stock/v4/listener/productStockCreateEvent",
              "protocol": "{{scheme}}",
              "host": [
                "{{host}}"
              ],
              "port": "{{port}}",
              "path": [
                "tmf-api",
                "stock",
                "v4",
                "listener",
                "productStockCreateEvent"
              ]
            },
            "description": "Example of a client listener for receiving the notification ProductStockCreateEvent"
          },
          "response": []
        },
        {
          "name": "Client listener for entity ProductStockAttributeValueChangeEvent",
          "_postman_id": "d322ec5e-6761-4e94-bacf-40970d1c5f96",
          "request": {
            "method": "POST",
            "header": [
              {
                "key": "Accept",
                "value": "application/json;charset=utf-8"
              },
              {
                "key": "Content-Type",
                "value": "application/json;charset=utf-8"
              }
            ],
            "body": {
              "mode": "raw",
              "raw": "The event data"
            },
            "url": {
              "raw": "{{scheme}}://{{host}}:{{port}}/tmf-api/stock/v4/listener/productStockAttributeValueChangeEvent",
              "protocol": "{{scheme}}",
              "host": [
                "{{host}}"
              ],
              "port": "{{port}}",
              "path": [
                "tmf-api",
                "stock",
                "v4",
                "listener",
                "productStockAttributeValueChangeEvent"
              ]
            },
            "description": "Example of a client listener for receiving the notification ProductStockAttributeValueChangeEvent"
          },
          "response": []
        },
        {
          "name": "Client listener for entity ProductStockStateChangeEvent",
          "_postman_id": "d72a1c79-7742-4142-8f8b-08e12bbbfdf9",
          "request": {
            "method": "POST",
            "header": [
              {
                "key": "Accept",
                "value": "application/json;charset=utf-8"
              },
              {
                "key": "Content-Type",
                "value": "application/json;charset=utf-8"
              }
            ],
            "body": {
              "mode": "raw",
              "raw": "The event data"
            },
            "url": {
              "raw": "{{scheme}}://{{host}}:{{port}}/tmf-api/stock/v4/listener/productStockStateChangeEvent",
              "protocol": "{{scheme}}",
              "host": [
                "{{host}}"
              ],
              "port": "{{port}}",
              "path": [
                "tmf-api",
                "stock",
                "v4",
                "listener",
                "productStockStateChangeEvent"
              ]
            },
            "description": "Example of a client listener for receiving the notification ProductStockStateChangeEvent"
          },
          "response": []
        },
        {
          "name": "Client listener for entity ProductStockBatchEvent",
          "_postman_id": "e7c1e322-e123-4f5e-a7bc-c354031ea4ec",
          "request": {
            "method": "POST",
            "header": [
              {
                "key": "Accept",
                "value": "application/json;charset=utf-8"
              },
              {
                "key": "Content-Type",
                "value": "application/json;charset=utf-8"
              }
            ],
            "body": {
              "mode": "raw",
              "raw": "The event data"
            },
            "url": {
              "raw": "{{scheme}}://{{host}}:{{port}}/tmf-api/stock/v4/listener/productStockBatchEvent",
              "protocol": "{{scheme}}",
              "host": [
                "{{host}}"
              ],
              "port": "{{port}}",
              "path": [
                "tmf-api",
                "stock",
                "v4",
                "listener",
                "productStockBatchEvent"
              ]
            },
            "description": "Example of a client listener for receiving the notification ProductStockBatchEvent"
          },
          "response": []
        },
        {
          "name": "Client listener for entity ProductStockDeleteEvent",
          "_postman_id": "5038395e-b695-4e85-9d25-903ba096941e",
          "request": {
            "method": "POST",
            "header": [
              {
                "key": "Accept",
                "value": "application/json;charset=utf-8"
              },
              {
                "key": "Content-Type",
                "value": "application/json;charset=utf-8"
              }
            ],
            "body": {
              "mode": "raw",
              "raw": "The event data"
            },
            "url": {
              "raw": "{{scheme}}://{{host}}:{{port}}/tmf-api/stock/v4/listener/productStockDeleteEvent",
              "protocol": "{{scheme}}",
              "host": [
                "{{host}}"
              ],
              "port": "{{port}}",
              "path": [
                "tmf-api",
                "stock",
                "v4",
                "listener",
                "productStockDeleteEvent"
              ]
            },
            "description": "Example of a client listener for receiving the notification ProductStockDeleteEvent"
          },
          "response": []
        },
        {
          "name": "Client listener for entity AdjustProductStockCreateEvent",
          "_postman_id": "c77f6ff7-2979-4d3c-9a39-47cd987fbc1d",
          "request": {
            "method": "POST",
            "header": [
              {
                "key": "Accept",
                "value": "application/json;charset=utf-8"
              },
              {
                "key": "Content-Type",
                "value": "application/json;charset=utf-8"
              }
            ],
            "body": {
              "mode": "raw",
              "raw": "{\n    \"event\": {\n        \"adjustProductStock\": {\n            \"id\": \"id\",\n            \"href\": \"href\",\n            \"adjustReason\": \"adjustreason\",\n            \"completedAdjustProductStockDate\": \"2021-03-29t18:31:56.235z\",\n            \"creationDate\": \"2021-03-29t18:31:56.235z\",\n            \"description\": \"description\",\n            \"instantSyncAdjust\": true,\n            \"requestedAdjustProductStockDate\": \"2021-03-29t18:31:56.235z\",\n            \"adjustProductStockItem\": [\n                {\n                    \"id\": \"id\",\n                    \"href\": \"href\",\n                    \"adjustProductStockQuantity\": {\n                        \"amount\": 0,\n                        \"units\": \"units\"\n                    },\n                    \"productStockTarget\": {\n                        \"id\": \"id\",\n                        \"href\": \"href\",\n                        \"name\": \"name\",\n                        \"@baseType\": \"@basetype\",\n                        \"@schemaLocation\": \"@schemalocation\",\n                        \"@type\": \"@type\",\n                        \"@referredType\": \"@referredtype\"\n                    },\n                    \"state\": \"accepted\",\n                    \"@baseType\": \"@basetype\",\n                    \"@schemaLocation\": \"@schemalocation\",\n                    \"@type\": \"@type\"\n                }\n            ],\n            \"state\": \"accepted\",\n            \"@baseType\": \"@basetype\",\n            \"@schemaLocation\": \"@schemalocation\",\n            \"@type\": \"@type\"\n        }\n    },\n    \"eventId\": \"eventid\",\n    \"eventTime\": \"2021-03-29t18:31:56.235z\",\n    \"eventType\": \"eventtype\",\n    \"correlationId\": \"correlationid\",\n    \"domain\": \"domain\",\n    \"title\": \"title\",\n    \"description\": \"description\",\n    \"priority\": \"priority\",\n    \"timeOcurred\": \"2021-03-29t18:31:56.235z\"\n}"
            },
            "url": {
              "raw": "{{scheme}}://{{host}}:{{port}}/tmf-api/stock/v4/listener/adjustProductStockCreateEvent",
              "protocol": "{{scheme}}",
              "host": [
                "{{host}}"
              ],
              "port": "{{port}}",
              "path": [
                "tmf-api",
                "stock",
                "v4",
                "listener",
                "adjustProductStockCreateEvent"
              ]
            },
            "description": "Example of a client listener for receiving the notification AdjustProductStockCreateEvent"
          },
          "response": []
        },
        {
          "name": "Client listener for entity AdjustProductStockAttributeValueChangeEvent",
          "_postman_id": "7a142b87-4d82-45bc-8c5b-b32212b6d801",
          "request": {
            "method": "POST",
            "header": [
              {
                "key": "Accept",
                "value": "application/json;charset=utf-8"
              },
              {
                "key": "Content-Type",
                "value": "application/json;charset=utf-8"
              }
            ],
            "body": {
              "mode": "raw",
              "raw": "{\n    \"eventId\": \"eventid\",\n    \"eventTime\": \"2021-03-29t18:31:56.235z\",\n    \"eventType\": \"eventtype\",\n    \"correlationId\": \"correlationid\",\n    \"domain\": \"domain\",\n    \"title\": \"title\",\n    \"description\": \"description\",\n    \"priority\": \"priority\",\n    \"timeOcurred\": \"2021-03-29t18:31:56.235z\",\n    \"fieldPath\": \"fieldpath\",\n    \"event\": {\n        \"adjustProductStock\": {\n            \"id\": \"id\",\n            \"href\": \"href\",\n            \"adjustReason\": \"adjustreason\",\n            \"completedAdjustProductStockDate\": \"2021-03-29t18:31:56.235z\",\n            \"creationDate\": \"2021-03-29t18:31:56.235z\",\n            \"description\": \"description\",\n            \"instantSyncAdjust\": true,\n            \"requestedAdjustProductStockDate\": \"2021-03-29t18:31:56.235z\",\n            \"adjustProductStockItem\": [\n                {\n                    \"id\": \"id\",\n                    \"href\": \"href\",\n                    \"adjustProductStockQuantity\": {\n                        \"amount\": 0,\n                        \"units\": \"units\"\n                    },\n                    \"productStockTarget\": {\n                        \"id\": \"id\",\n                        \"href\": \"href\",\n                        \"name\": \"name\",\n                        \"@baseType\": \"@basetype\",\n                        \"@schemaLocation\": \"@schemalocation\",\n                        \"@type\": \"@type\",\n                        \"@referredType\": \"@referredtype\"\n                    },\n                    \"state\": \"accepted\",\n                    \"@baseType\": \"@basetype\",\n                    \"@schemaLocation\": \"@schemalocation\",\n                    \"@type\": \"@type\"\n                }\n            ],\n            \"state\": \"accepted\",\n            \"@baseType\": \"@basetype\",\n            \"@schemaLocation\": \"@schemalocation\",\n            \"@type\": \"@type\"\n        }\n    }\n}"
            },
            "url": {
              "raw": "{{scheme}}://{{host}}:{{port}}/tmf-api/stock/v4/listener/adjustProductStockAttributeValueChangeEvent",
              "protocol": "{{scheme}}",
              "host": [
                "{{host}}"
              ],
              "port": "{{port}}",
              "path": [
                "tmf-api",
                "stock",
                "v4",
                "listener",
                "adjustProductStockAttributeValueChangeEvent"
              ]
            },
            "description": "Example of a client listener for receiving the notification AdjustProductStockAttributeValueChangeEvent"
          },
          "response": []
        },
        {
          "name": "Client listener for entity AdjustProductStockStateChangeEvent",
          "_postman_id": "30419609-fed2-4e22-8d50-f995f7ef04fb",
          "request": {
            "method": "POST",
            "header": [
              {
                "key": "Accept",
                "value": "application/json;charset=utf-8"
              },
              {
                "key": "Content-Type",
                "value": "application/json;charset=utf-8"
              }
            ],
            "body": {
              "mode": "raw",
              "raw": "{\n    \"event\": {\n        \"adjustProductStock\": {\n            \"id\": \"id\",\n            \"href\": \"href\",\n            \"adjustReason\": \"adjustreason\",\n            \"completedAdjustProductStockDate\": \"2021-03-29t18:31:56.235z\",\n            \"creationDate\": \"2021-03-29t18:31:56.235z\",\n            \"description\": \"description\",\n            \"instantSyncAdjust\": true,\n            \"requestedAdjustProductStockDate\": \"2021-03-29t18:31:56.235z\",\n            \"adjustProductStockItem\": [\n                {\n                    \"id\": \"id\",\n                    \"href\": \"href\",\n                    \"adjustProductStockQuantity\": {\n                        \"amount\": 0,\n                        \"units\": \"units\"\n                    },\n                    \"productStockTarget\": {\n                        \"id\": \"id\",\n                        \"href\": \"href\",\n                        \"name\": \"name\",\n                        \"@baseType\": \"@basetype\",\n                        \"@schemaLocation\": \"@schemalocation\",\n                        \"@type\": \"@type\",\n                        \"@referredType\": \"@referredtype\"\n                    },\n                    \"state\": \"accepted\",\n                    \"@baseType\": \"@basetype\",\n                    \"@schemaLocation\": \"@schemalocation\",\n                    \"@type\": \"@type\"\n                }\n            ],\n            \"state\": \"accepted\",\n            \"@baseType\": \"@basetype\",\n            \"@schemaLocation\": \"@schemalocation\",\n            \"@type\": \"@type\"\n        }\n    },\n    \"eventId\": \"eventid\",\n    \"eventTime\": \"2021-03-29t18:31:56.235z\",\n    \"eventType\": \"eventtype\",\n    \"correlationId\": \"correlationid\",\n    \"domain\": \"domain\",\n    \"title\": \"title\",\n    \"description\": \"description\",\n    \"priority\": \"priority\",\n    \"timeOcurred\": \"2021-03-29t18:31:56.235z\"\n}"
            },
            "url": {
              "raw": "{{scheme}}://{{host}}:{{port}}/tmf-api/stock/v4/listener/adjustProductStockStateChangeEvent",
              "protocol": "{{scheme}}",
              "host": [
                "{{host}}"
              ],
              "port": "{{port}}",
              "path": [
                "tmf-api",
                "stock",
                "v4",
                "listener",
                "adjustProductStockStateChangeEvent"
              ]
            },
            "description": "Example of a client listener for receiving the notification AdjustProductStockStateChangeEvent"
          },
          "response": []
        },
        {
          "name": "Client listener for entity AdjustProductStockBatchEvent",
          "_postman_id": "7807d27c-dc11-46c0-8ff9-a45a8835ee13",
          "request": {
            "method": "POST",
            "header": [
              {
                "key": "Accept",
                "value": "application/json;charset=utf-8"
              },
              {
                "key": "Content-Type",
                "value": "application/json;charset=utf-8"
              }
            ],
            "body": {
              "mode": "raw",
              "raw": "{\n    \"event\": {\n        \"adjustProductStock\": {\n            \"id\": \"id\",\n            \"href\": \"href\",\n            \"adjustReason\": \"adjustreason\",\n            \"completedAdjustProductStockDate\": \"2021-03-29t18:31:56.235z\",\n            \"creationDate\": \"2021-03-29t18:31:56.235z\",\n            \"description\": \"description\",\n            \"instantSyncAdjust\": true,\n            \"requestedAdjustProductStockDate\": \"2021-03-29t18:31:56.235z\",\n            \"adjustProductStockItem\": [\n                {\n                    \"id\": \"id\",\n                    \"href\": \"href\",\n                    \"adjustProductStockQuantity\": {\n                        \"amount\": 0,\n                        \"units\": \"units\"\n                    },\n                    \"productStockTarget\": {\n                        \"id\": \"id\",\n                        \"href\": \"href\",\n                        \"name\": \"name\",\n                        \"@baseType\": \"@basetype\",\n                        \"@schemaLocation\": \"@schemalocation\",\n                        \"@type\": \"@type\",\n                        \"@referredType\": \"@referredtype\"\n                    },\n                    \"state\": \"accepted\",\n                    \"@baseType\": \"@basetype\",\n                    \"@schemaLocation\": \"@schemalocation\",\n                    \"@type\": \"@type\"\n                }\n            ],\n            \"state\": \"accepted\",\n            \"@baseType\": \"@basetype\",\n            \"@schemaLocation\": \"@schemalocation\",\n            \"@type\": \"@type\"\n        }\n    },\n    \"eventId\": \"eventid\",\n    \"eventTime\": \"2021-03-29t18:31:56.235z\",\n    \"eventType\": \"eventtype\",\n    \"correlationId\": \"correlationid\",\n    \"domain\": \"domain\",\n    \"title\": \"title\",\n    \"description\": \"description\",\n    \"priority\": \"priority\",\n    \"timeOcurred\": \"2021-03-29t18:31:56.235z\"\n}"
            },
            "url": {
              "raw": "{{scheme}}://{{host}}:{{port}}/tmf-api/stock/v4/listener/adjustProductStockBatchEvent",
              "protocol": "{{scheme}}",
              "host": [
                "{{host}}"
              ],
              "port": "{{port}}",
              "path": [
                "tmf-api",
                "stock",
                "v4",
                "listener",
                "adjustProductStockBatchEvent"
              ]
            },
            "description": "Example of a client listener for receiving the notification AdjustProductStockBatchEvent"
          },
          "response": []
        },
        {
          "name": "Client listener for entity CheckProductStockCreateEvent",
          "_postman_id": "8a4aeff0-2cde-4e33-96b2-318d15c113b5",
          "request": {
            "method": "POST",
            "header": [
              {
                "key": "Accept",
                "value": "application/json;charset=utf-8"
              },
              {
                "key": "Content-Type",
                "value": "application/json;charset=utf-8"
              }
            ],
            "body": {
              "mode": "raw",
              "raw": "The event data"
            },
            "url": {
              "raw": "{{scheme}}://{{host}}:{{port}}/tmf-api/stock/v4/listener/checkProductStockCreateEvent",
              "protocol": "{{scheme}}",
              "host": [
                "{{host}}"
              ],
              "port": "{{port}}",
              "path": [
                "tmf-api",
                "stock",
                "v4",
                "listener",
                "checkProductStockCreateEvent"
              ]
            },
            "description": "Example of a client listener for receiving the notification CheckProductStockCreateEvent"
          },
          "response": []
        },
        {
          "name": "Client listener for entity CheckProductStockAttributeValueChangeEvent",
          "_postman_id": "893d7e3e-de85-4e3c-9172-cda443e60a0c",
          "request": {
            "method": "POST",
            "header": [
              {
                "key": "Accept",
                "value": "application/json;charset=utf-8"
              },
              {
                "key": "Content-Type",
                "value": "application/json;charset=utf-8"
              }
            ],
            "body": {
              "mode": "raw",
              "raw": "The event data"
            },
            "url": {
              "raw": "{{scheme}}://{{host}}:{{port}}/tmf-api/stock/v4/listener/checkProductStockAttributeValueChangeEvent",
              "protocol": "{{scheme}}",
              "host": [
                "{{host}}"
              ],
              "port": "{{port}}",
              "path": [
                "tmf-api",
                "stock",
                "v4",
                "listener",
                "checkProductStockAttributeValueChangeEvent"
              ]
            },
            "description": "Example of a client listener for receiving the notification CheckProductStockAttributeValueChangeEvent"
          },
          "response": []
        },
        {
          "name": "Client listener for entity CheckProductStockStateChangeEvent",
          "_postman_id": "76c88996-46cb-4cca-b198-a3bb3ce34bf2",
          "request": {
            "method": "POST",
            "header": [
              {
                "key": "Accept",
                "value": "application/json;charset=utf-8"
              },
              {
                "key": "Content-Type",
                "value": "application/json;charset=utf-8"
              }
            ],
            "body": {
              "mode": "raw",
              "raw": "The event data"
            },
            "url": {
              "raw": "{{scheme}}://{{host}}:{{port}}/tmf-api/stock/v4/listener/checkProductStockStateChangeEvent",
              "protocol": "{{scheme}}",
              "host": [
                "{{host}}"
              ],
              "port": "{{port}}",
              "path": [
                "tmf-api",
                "stock",
                "v4",
                "listener",
                "checkProductStockStateChangeEvent"
              ]
            },
            "description": "Example of a client listener for receiving the notification CheckProductStockStateChangeEvent"
          },
          "response": []
        },
        {
          "name": "Client listener for entity CheckProductStockBatchEvent",
          "_postman_id": "9b5ea96b-345c-4795-be41-8b87848a6666",
          "request": {
            "method": "POST",
            "header": [
              {
                "key": "Accept",
                "value": "application/json;charset=utf-8"
              },
              {
                "key": "Content-Type",
                "value": "application/json;charset=utf-8"
              }
            ],
            "body": {
              "mode": "raw",
              "raw": "The event data"
            },
            "url": {
              "raw": "{{scheme}}://{{host}}:{{port}}/tmf-api/stock/v4/listener/checkProductStockBatchEvent",
              "protocol": "{{scheme}}",
              "host": [
                "{{host}}"
              ],
              "port": "{{port}}",
              "path": [
                "tmf-api",
                "stock",
                "v4",
                "listener",
                "checkProductStockBatchEvent"
              ]
            },
            "description": "Example of a client listener for receiving the notification CheckProductStockBatchEvent"
          },
          "response": []
        },
        {
          "name": "Client listener for entity ReserveProductStockCreateEvent",
          "_postman_id": "77315db8-0614-4aac-90bc-f999bb83b490",
          "request": {
            "method": "POST",
            "header": [
              {
                "key": "Accept",
                "value": "application/json;charset=utf-8"
              },
              {
                "key": "Content-Type",
                "value": "application/json;charset=utf-8"
              }
            ],
            "body": {
              "mode": "raw",
              "raw": "The event data"
            },
            "url": {
              "raw": "{{scheme}}://{{host}}:{{port}}/tmf-api/stock/v4/listener/reserveProductStockCreateEvent",
              "protocol": "{{scheme}}",
              "host": [
                "{{host}}"
              ],
              "port": "{{port}}",
              "path": [
                "tmf-api",
                "stock",
                "v4",
                "listener",
                "reserveProductStockCreateEvent"
              ]
            },
            "description": "Example of a client listener for receiving the notification ReserveProductStockCreateEvent"
          },
          "response": []
        },
        {
          "name": "Client listener for entity ReserveProductStockAttributeValueChangeEvent",
          "_postman_id": "576f80ad-fd49-45a7-9a43-5f5e94557a96",
          "request": {
            "method": "POST",
            "header": [
              {
                "key": "Accept",
                "value": "application/json;charset=utf-8"
              },
              {
                "key": "Content-Type",
                "value": "application/json;charset=utf-8"
              }
            ],
            "body": {
              "mode": "raw",
              "raw": "The event data"
            },
            "url": {
              "raw": "{{scheme}}://{{host}}:{{port}}/tmf-api/stock/v4/listener/reserveProductStockAttributeValueChangeEvent",
              "protocol": "{{scheme}}",
              "host": [
                "{{host}}"
              ],
              "port": "{{port}}",
              "path": [
                "tmf-api",
                "stock",
                "v4",
                "listener",
                "reserveProductStockAttributeValueChangeEvent"
              ]
            },
            "description": "Example of a client listener for receiving the notification ReserveProductStockAttributeValueChangeEvent"
          },
          "response": []
        },
        {
          "name": "Client listener for entity ReserveProductStockStateChangeEvent",
          "_postman_id": "fb3a436c-6887-4a26-98a8-3ac9f2fdbb58",
          "request": {
            "method": "POST",
            "header": [
              {
                "key": "Accept",
                "value": "application/json;charset=utf-8"
              },
              {
                "key": "Content-Type",
                "value": "application/json;charset=utf-8"
              }
            ],
            "body": {
              "mode": "raw",
              "raw": "The event data"
            },
            "url": {
              "raw": "{{scheme}}://{{host}}:{{port}}/tmf-api/stock/v4/listener/reserveProductStockStateChangeEvent",
              "protocol": "{{scheme}}",
              "host": [
                "{{host}}"
              ],
              "port": "{{port}}",
              "path": [
                "tmf-api",
                "stock",
                "v4",
                "listener",
                "reserveProductStockStateChangeEvent"
              ]
            },
            "description": "Example of a client listener for receiving the notification ReserveProductStockStateChangeEvent"
          },
          "response": []
        },
        {
          "name": "Client listener for entity ReserveProductStockBatchEvent",
          "_postman_id": "3c793ccf-65a2-4ea8-bef4-328996967626",
          "request": {
            "method": "POST",
            "header": [
              {
                "key": "Accept",
                "value": "application/json;charset=utf-8"
              },
              {
                "key": "Content-Type",
                "value": "application/json;charset=utf-8"
              }
            ],
            "body": {
              "mode": "raw",
              "raw": "The event data"
            },
            "url": {
              "raw": "{{scheme}}://{{host}}:{{port}}/tmf-api/stock/v4/listener/reserveProductStockBatchEvent",
              "protocol": "{{scheme}}",
              "host": [
                "{{host}}"
              ],
              "port": "{{port}}",
              "path": [
                "tmf-api",
                "stock",
                "v4",
                "listener",
                "reserveProductStockBatchEvent"
              ]
            },
            "description": "Example of a client listener for receiving the notification ReserveProductStockBatchEvent"
          },
          "response": []
        },
        {
          "name": "Client listener for entity QueryProductStockCreateEvent",
          "_postman_id": "325a2b82-7eb1-462e-b3ae-d25efa2cacd1",
          "request": {
            "method": "POST",
            "header": [
              {
                "key": "Accept",
                "value": "application/json;charset=utf-8"
              },
              {
                "key": "Content-Type",
                "value": "application/json;charset=utf-8"
              }
            ],
            "body": {
              "mode": "raw",
              "raw": "The event data"
            },
            "url": {
              "raw": "{{scheme}}://{{host}}:{{port}}/tmf-api/stock/v4/listener/queryProductStockCreateEvent",
              "protocol": "{{scheme}}",
              "host": [
                "{{host}}"
              ],
              "port": "{{port}}",
              "path": [
                "tmf-api",
                "stock",
                "v4",
                "listener",
                "queryProductStockCreateEvent"
              ]
            },
            "description": "Example of a client listener for receiving the notification QueryProductStockCreateEvent"
          },
          "response": []
        },
        {
          "name": "Client listener for entity QueryProductStockAttributeValueChangeEvent",
          "_postman_id": "394f512c-0fab-4305-9e6d-2bc2d3f852b7",
          "request": {
            "method": "POST",
            "header": [
              {
                "key": "Accept",
                "value": "application/json;charset=utf-8"
              },
              {
                "key": "Content-Type",
                "value": "application/json;charset=utf-8"
              }
            ],
            "body": {
              "mode": "raw",
              "raw": "The event data"
            },
            "url": {
              "raw": "{{scheme}}://{{host}}:{{port}}/tmf-api/stock/v4/listener/queryProductStockAttributeValueChangeEvent",
              "protocol": "{{scheme}}",
              "host": [
                "{{host}}"
              ],
              "port": "{{port}}",
              "path": [
                "tmf-api",
                "stock",
                "v4",
                "listener",
                "queryProductStockAttributeValueChangeEvent"
              ]
            },
            "description": "Example of a client listener for receiving the notification QueryProductStockAttributeValueChangeEvent"
          },
          "response": []
        },
        {
          "name": "Client listener for entity QueryProductStockStateChangeEvent",
          "_postman_id": "4e3e7374-4333-4bf5-8bc8-48ec931ee8bc",
          "request": {
            "method": "POST",
            "header": [
              {
                "key": "Accept",
                "value": "application/json;charset=utf-8"
              },
              {
                "key": "Content-Type",
                "value": "application/json;charset=utf-8"
              }
            ],
            "body": {
              "mode": "raw",
              "raw": "The event data"
            },
            "url": {
              "raw": "{{scheme}}://{{host}}:{{port}}/tmf-api/stock/v4/listener/queryProductStockStateChangeEvent",
              "protocol": "{{scheme}}",
              "host": [
                "{{host}}"
              ],
              "port": "{{port}}",
              "path": [
                "tmf-api",
                "stock",
                "v4",
                "listener",
                "queryProductStockStateChangeEvent"
              ]
            },
            "description": "Example of a client listener for receiving the notification QueryProductStockStateChangeEvent"
          },
          "response": []
        },
        {
          "name": "Client listener for entity QueryProductStockBatchEvent",
          "_postman_id": "8622c643-291c-4a9a-b0b4-1057cc251476",
          "request": {
            "method": "POST",
            "header": [
              {
                "key": "Accept",
                "value": "application/json;charset=utf-8"
              },
              {
                "key": "Content-Type",
                "value": "application/json;charset=utf-8"
              }
            ],
            "body": {
              "mode": "raw",
              "raw": "The event data"
            },
            "url": {
              "raw": "{{scheme}}://{{host}}:{{port}}/tmf-api/stock/v4/listener/queryProductStockBatchEvent",
              "protocol": "{{scheme}}",
              "host": [
                "{{host}}"
              ],
              "port": "{{port}}",
              "path": [
                "tmf-api",
                "stock",
                "v4",
                "listener",
                "queryProductStockBatchEvent"
              ]
            },
            "description": "Example of a client listener for receiving the notification QueryProductStockBatchEvent"
          },
          "response": []
        }
      ],
      "_postman_id": "91ecfd66-90d4-4fd7-af35-ce688f06ff5c",
      "description": "Folder for listener"
    }
  ]
}